col0,country,country_code,geo_id_final,region,subnational_cases_7,subnational_cases_14,subnational_population,subnational_rate_14,national_cases_7,national_population,national_testing_rate,national_positivity_rate,subnational_testing_data,positivity_rate_combined,testing_rate_combined,colour,week
,Austria,AT,AT11,Burgenland,252,546,293433,186.073141057754,12836,8901064,21928.142523186,0.657636545655941,TRUE,0.285837435629863,30045.0187947504,Red,2021-17
,Austria,AT,AT12,Niederösterreich,1620,3625,1677542,216.089969729521,12836,8901064,21928.142523186,0.657636545655941,TRUE,0.459419373317944,21019.980423739,Red,2021-17
,Austria,AT,AT13,Wien,2308,4905,1897491,258.499249798813,12836,8901064,21928.142523186,0.657636545655941,TRUE,0.520207632266397,23381.8763830764,Red,2021-17
,Austria,AT,AT21,Kärnten,809,1610,560939,287.018731091973,12836,8901064,21928.142523186,0.657636545655941,TRUE,0.907591684710053,15890.6761697796,Red,2021-17
,Austria,AT,AT22,Steiermark,2026,4327,1243052,348.094850416555,12836,8901064,21928.142523186,0.657636545655941,TRUE,0.865575227288263,18829.7834684309,Red,2021-17
,Austria,AT,AT31,Oberösterreich,2134,4914,1482095,331.557693670109,12836,8901064,21928.142523186,0.657636545655941,TRUE,0.849715102551136,16945.1350959284,Red,2021-17
,Austria,AT,AT32,Salzburg,779,1791,555221,322.574254215889,12836,8901064,21928.142523186,0.657636545655941,TRUE,0.810639249924556,17307.8828070264,Red,2021-17
,Austria,AT,AT33,Tirol,1268,2641,754705,349.938055266627,12836,8901064,21928.142523186,0.657636545655941,TRUE,0.586697513013303,28637.0171126467,Red,2021-17
,Austria,AT,AT34,Vorarlberg,889,1830,394297,464.117150269974,12836,8901064,21928.142523186,0.657636545655941,TRUE,0.491643715919523,45859.3395333974,Red,2021-17
,Belgium,BE,BE1,Région de Bruxelles-Capitale/Brussels Hoofdstedelijk Gewest,2286,5237,1215290,430.925951830427,20649,11522440,2836.70819722212,6.31742224452209,FALSE,6.31742224452209,2836.70819722212,Red,2021-17
,Belgium,BE,BE2,Vlaams Gewest,10909,23304,6596233,353.292553492274,20649,11522440,2836.70819722212,6.31742224452209,FALSE,6.31742224452209,2836.70819722212,Red,2021-17
,Belgium,BE,BE3,Région wallonne,7152,15722,3643996,431.449430789715,20649,11522440,2836.70819722212,6.31742224452209,FALSE,6.31742224452209,2836.70819722212,Red,2021-17
,Bulgaria,BG,BG31,Severozapaden,554,1490,742304,200.726387032806,7694,6951482,1204.8509943635,9.18631723479195,FALSE,9.18631723479195,1204.8509943635,Red,2021-17
,Bulgaria,BG,BG32,Severen tsentralen,733,1914,784168,244.080350129054,7694,6951482,1204.8509943635,9.18631723479195,FALSE,9.18631723479195,1204.8509943635,Red,2021-17
,Bulgaria,BG,BG33,Severoiztochen,1021,2586,929035,278.353345137697,7694,6951482,1204.8509943635,9.18631723479195,FALSE,9.18631723479195,1204.8509943635,Red,2021-17
,Bulgaria,BG,BG34,Yugoiztochen,997,2457,1032079,238.063171520785,7694,6951482,1204.8509943635,9.18631723479195,FALSE,9.18631723479195,1204.8509943635,Red,2021-17
,Bulgaria,BG,BG41,Yugozapaden,2212,5641,2102205,268.337293460914,7694,6951482,1204.8509943635,9.18631723479195,FALSE,9.18631723479195,1204.8509943635,Red,2021-17
,Bulgaria,BG,BG42,Yuzhen tsentralen,1049,2922,1410248,207.197599287501,7694,6951482,1204.8509943635,9.18631723479195,FALSE,9.18631723479195,1204.8509943635,Red,2021-17
,Croatia,HR,HR02,Panonska Hrvatska,2644,5751,1078471,533.254950758991,12486,4058165,1818.16165680794,16.9223679930608,TRUE,16.70140862864,1467.91151546959,Dark red,2021-17
,Croatia,HR,HR03,Jadranska Hrvatska,3564,8503,1374071,618.818096008139,12486,4058165,1818.16165680794,16.9223679930608,TRUE,12.8159948218203,2023.84010724337,Dark red,2021-17
,Croatia,HR,HR05,Grad Zagreb,2991,6272,806341,777.834687805779,12486,4058165,1818.16165680794,16.9223679930608,TRUE,17.851387645479,2077.90500545055,Dark red,2021-17
,Croatia,HR,HR06,Sjeverna Hrvatska,3287,6796,817363,831.45432323215,12486,4058165,1818.16165680794,16.9223679930608,TRUE,24.5500037344088,1638.07268006993,Dark red,2021-17
,Cyprus,CY,CY0,Kypros,3951,9830,875899,1122.27551350099,4081,888005,26688.4758531765,1.72197725690415,FALSE,1.72197725690415,26688.4758531765,Dark red,2021-17
,Czechia,CZ,CZ01,Praha,1436,2988,1308632,228.330042364851,14413,10693939,11259.9482753736,1.19696179488628,FALSE,1.19696179488628,11259.9482753736,Red,2021-17
,Czechia,CZ,CZ02,Střední Čechy,1520,3445,1369332,251.58252344939,14413,10693939,11259.9482753736,1.19696179488628,FALSE,1.19696179488628,11259.9482753736,Red,2021-17
,Czechia,CZ,CZ03,Jihozápad,1740,3745,1226805,305.26448783629,14413,10693939,11259.9482753736,1.19696179488628,FALSE,1.19696179488628,11259.9482753736,Red,2021-17
,Czechia,CZ,CZ04,Severozápad,1577,3231,1115685,289.597870366636,14413,10693939,11259.9482753736,1.19696179488628,FALSE,1.19696179488628,11259.9482753736,Red,2021-17
,Czechia,CZ,CZ05,Severovýchod,1279,3006,1513693,198.587163975786,14413,10693939,11259.9482753736,1.19696179488628,FALSE,1.19696179488628,11259.9482753736,Red,2021-17
,Czechia,CZ,CZ06,Jihovýchod,2452,5404,1696941,318.455385308034,14413,10693939,11259.9482753736,1.19696179488628,FALSE,1.19696179488628,11259.9482753736,Red,2021-17
,Czechia,CZ,CZ07,Střední Morava,2111,4854,1215413,399.370419766779,14413,10693939,11259.9482753736,1.19696179488628,FALSE,1.19696179488628,11259.9482753736,Red,2021-17
,Czechia,CZ,CZ08,Moravskoslezsko,1937,4112,1203299,341.727201634839,14413,10693939,11259.9482753736,1.19696179488628,FALSE,1.19696179488628,11259.9482753736,Red,2021-17
,Denmark,DK,DK01,Hovedstaden,2631,4797,1835562,261.336854870606,5347,5822763,59081.333037254,0.15542854618062,TRUE,0.224735608934415,63779.3220822832,Red,2021-17
,Denmark,DK,DK02,Sjælland,587,1176,836738,140.545786136162,5347,5822763,59081.333037254,0.15542854618062,TRUE,0.127128922154651,55182.8648872168,Orange,2021-17
,Denmark,DK,DK03,Syddanmark,808,1412,1223348,115.42095953073,5347,5822763,59081.333037254,0.15542854618062,TRUE,0.109537191808028,60297.5604652151,Orange,2021-17
,Denmark,DK,DK04,Midtjylland,994,1964,1320678,148.711495156276,5347,5822763,59081.333037254,0.15542854618062,TRUE,0.134155723212719,56102.2444532278,Orange,2021-17
,Denmark,DK,DK05,Nordjylland,450,900,589755,152.605743062797,5347,5822763,59081.333037254,0.15542854618062,TRUE,0.136719106039339,55809.9549813058,Red,2021-17
,Denmark,DK,GL,Greenland,0,0,56025,0,5347,5822763,59081.333037254,0.15542854618062,FALSE,0.15542854618062,59081.333037254,Green,2021-17
,Estonia,EE,EE00,Eesti,2421,4870,1326819,367.043281713632,2565,1328976,2229.61136995702,8.65647463804799,FALSE,8.65647463804799,2229.61136995702,Red,2021-17
,Finland,FI,FI19,Länsi-Suomi,179,418,1379749,30.2953653164452,1408,5525292,2070.18923162794,1.23094139040425,FALSE,1.23094139040425,2070.18923162794,Orange,2021-17
,Finland,FI,FI1B,Helsinki-Uusimaa,686,1527,1671024,91.3810932697556,1408,5525292,2070.18923162794,1.23094139040425,FALSE,1.23094139040425,2070.18923162794,Orange,2021-17
,Finland,FI,FI1C,Etelä-Suomi,394,797,1152719,69.14087474918,1408,5525292,2070.18923162794,1.23094139040425,FALSE,1.23094139040425,2070.18923162794,Orange,2021-17
,Finland,FI,FI1D,Pohjois- ja Itä-Suomi,106,271,1284638,21.0954370024863,1408,5525292,2070.18923162794,1.23094139040425,FALSE,1.23094139040425,2070.18923162794,Green,2021-17
,Finland,FI,FI2,Åland,3,15,29789,50.3541575749438,1408,5525292,2070.18923162794,1.23094139040425,FALSE,1.23094139040425,2070.18923162794,Orange,2021-17
,France,FR,FR1,Ile-de-France,41079,105900,12174880,869.823768283548,154203,67320216,3209.58714689804,7.13671165052453,TRUE,8.74028715138001,3860.37480451553,Dark red,2021-17
,France,FR,FRB,Centre — Val de Loire,5052,12821,2576252,497.660943106497,154203,67320216,3209.58714689804,7.13671165052453,TRUE,7.65118357085523,2562.98685066523,Red,2021-17
,France,FR,FRC,Bourgogne-Franche-Comté,5405,13968,2811423,496.83025286483,154203,67320216,3209.58714689804,7.13671165052453,TRUE,7.10707288530065,2705.07141757039,Red,2021-17
,France,FR,FRD,Normandie,7455,18288,3330478,549.110367941178,154203,67320216,3209.58714689804,7.13671165052453,TRUE,6.93365823714878,3228.33539209687,Dark red,2021-17
,France,FR,FRE,Hauts-de-France,16078,40361,6003815,672.255890629541,154203,67320216,3209.58714689804,7.13671165052453,TRUE,7.52789365995721,3557.38809407019,Dark red,2021-17
,France,FR,FRF,Grand Est,10490,26283,5549586,473.602895783577,154203,67320216,3209.58714689804,7.13671165052453,TRUE,5.04647179941116,3745.6487745212,Red,2021-17
,France,FR,FRG,Pays de la Loire,6764,17884,3757600,475.942090696189,154203,67320216,3209.58714689804,7.13671165052453,TRUE,6.52832738152688,2757.34511390249,Red,2021-17
,France,FR,FRH,Bretagne,4234,11153,3318904,336.044670168224,154203,67320216,3209.58714689804,7.13671165052453,TRUE,5.13654175108275,2483.62109901341,Red,2021-17
,France,FR,FRI,Nouvelle-Aquitaine,7941,19892,5956978,333.927706296716,154203,67320216,3209.58714689804,7.13671165052453,TRUE,4.94698545993696,2694.68848130713,Red,2021-17
,France,FR,FRJ,Occitanie,10638,26475,5845102,452.943336147085,154203,67320216,3209.58714689804,7.13671165052453,TRUE,6.03437517726473,3016.02948930575,Red,2021-17
,France,FR,FRK,Auvergne-Rhône-Alpes,17317,44127,7948287,555.1762285383,154203,67320216,3209.58714689804,7.13671165052453,TRUE,7.71950001783103,2822.34398430756,Dark red,2021-17
,France,FR,FRL,Provence-Alpes-Côte d’Azur,11990,31777,5030890,631.63774202974,154203,67320216,3209.58714689804,7.13671165052453,TRUE,6.31953997543865,3771.28102582247,Dark red,2021-17
,France,FR,FRM,Corse,370,897,334938,267.810759006144,154203,67320216,3209.58714689804,7.13671165052453,TRUE,2.64625947646975,4174.50393804226,Red,2021-17
,France,FR,FRY1,Guadeloupe,798,1811,390253,464.057931649468,154203,67320216,3209.58714689804,7.13671165052453,TRUE,10.1217656012177,2020.227903437,Red,2021-17
,France,FR,FRY2,Martinique,359,1062,372594,285.028744424226,154203,67320216,3209.58714689804,7.13671165052453,TRUE,5.08858965272856,1893.481913289,Red,2021-17
,France,FR,FRY3,Guyane,687,1458,268700,542.612579084481,154203,67320216,3209.58714689804,7.13671165052453,TRUE,8.58213616489694,2979.15891328619,Dark red,2021-17
,France,FR,FRY4,La Réunion,1075,2276,853659,266.616998122201,154203,67320216,3209.58714689804,7.13671165052453,TRUE,3.45026799756074,3649.81801867022,Red,2021-17
,France,FR,FRY5,Mayotte,91,268,250143,107.138716654074,154203,67320216,3209.58714689804,7.13671165052453,TRUE,3.15752949340736,1152.14097536209,Orange,2021-17
,Germany,DE,DE1,Baden-Württemberg,19950,42580,11069533,384.659407040929,126657,83166711,1683.36583612162,9.04692857142857,FALSE,9.04692857142857,1683.36583612162,Red,2021-17
,Germany,DE,DE2,Bayern,18957,42871,13076721,327.842124948601,126657,83166711,1683.36583612162,9.04692857142857,FALSE,9.04692857142857,1683.36583612162,Red,2021-17
,Germany,DE,DE3,Berlin,4466,9794,3644826,268.709672286139,126657,83166711,1683.36583612162,9.04692857142857,FALSE,9.04692857142857,1683.36583612162,Red,2021-17
,Germany,DE,DE4,Brandenburg,2699,5853,2511917,233.009291310183,126657,83166711,1683.36583612162,9.04692857142857,FALSE,9.04692857142857,1683.36583612162,Red,2021-17
,Germany,DE,DE5,Bremen,852,1914,682986,280.240004919574,126657,83166711,1683.36583612162,9.04692857142857,FALSE,9.04692857142857,1683.36583612162,Red,2021-17
,Germany,DE,DE6,Hamburg,1874,4063,1841179,220.673818243636,126657,83166711,1683.36583612162,9.04692857142857,FALSE,9.04692857142857,1683.36583612162,Red,2021-17
,Germany,DE,DE7,Hessen,9538,21210,6265809,338.503775011335,126657,83166711,1683.36583612162,9.04692857142857,FALSE,9.04692857142857,1683.36583612162,Red,2021-17
,Germany,DE,DE8,Mecklenburg-Vorpommern,1979,4242,1609675,263.531458213615,126657,83166711,1683.36583612162,9.04692857142857,FALSE,9.04692857142857,1683.36583612162,Red,2021-17
,Germany,DE,DE9,Niedersachsen,8259,18466,7982448,231.33254360066,126657,83166711,1683.36583612162,9.04692857142857,FALSE,9.04692857142857,1683.36583612162,Red,2021-17
,Germany,DE,DEA,Nordrhein-Westfalen,28637,64217,17932651,358.100985738249,126657,83166711,1683.36583612162,9.04692857142857,FALSE,9.04692857142857,1683.36583612162,Red,2021-17
,Germany,DE,DEB,Rheinland-Pfalz,5160,11183,4084844,273.76810473056,126657,83166711,1683.36583612162,9.04692857142857,FALSE,9.04692857142857,1683.36583612162,Red,2021-17
,Germany,DE,DEC,Saarland,1396,2921,990509,294.898885320578,126657,83166711,1683.36583612162,9.04692857142857,FALSE,9.04692857142857,1683.36583612162,Red,2021-17
,Germany,DE,DED,Sachsen,9254,19352,4077937,474.553677508995,126657,83166711,1683.36583612162,9.04692857142857,FALSE,9.04692857142857,1683.36583612162,Red,2021-17
,Germany,DE,DEE,Sachsen-Anhalt,3689,7978,2208321,361.269942186847,126657,83166711,1683.36583612162,9.04692857142857,FALSE,9.04692857142857,1683.36583612162,Red,2021-17
,Germany,DE,DEF,Schleswig-Holstein,1652,3798,2896712,131.114173587157,126657,83166711,1683.36583612162,9.04692857142857,FALSE,9.04692857142857,1683.36583612162,Red,2021-17
,Germany,DE,DEG,Thüringen,4853,9766,2143145,455.685452920824,126657,83166711,1683.36583612162,9.04692857142857,FALSE,9.04692857142857,1683.36583612162,Red,2021-17
,Greece,EL,EL30,Attiki,6696,15117,3742235,403.956459174798,13293,10718565,7628.93167135713,1.62563347486646,FALSE,1.62563347486646,7628.93167135713,Red,2021-17
,Greece,EL,EL41,Voreio Aigaio,53,120,221098,54.274575075306,13293,10718565,7628.93167135713,1.62563347486646,FALSE,1.62563347486646,7628.93167135713,Orange,2021-17
,Greece,EL,EL42,Notio Aigaio,434,434,344027,126.152889162769,13293,10718565,7628.93167135713,1.62563347486646,FALSE,1.62563347486646,7628.93167135713,Orange,2021-17
,Greece,EL,EL43,Kriti,481,1111,634930,174.979919046194,13293,10718565,7628.93167135713,1.62563347486646,FALSE,1.62563347486646,7628.93167135713,Red,2021-17
,Greece,EL,EL51,"Anatoliki Makedonia, Thraki",539,1282,599723,213.765355005561,13293,10718565,7628.93167135713,1.62563347486646,FALSE,1.62563347486646,7628.93167135713,Red,2021-17
,Greece,EL,EL52,Kentriki Makedonia,2679,6046,1873777,322.663796172117,13293,10718565,7628.93167135713,1.62563347486646,FALSE,1.62563347486646,7628.93167135713,Red,2021-17
,Greece,EL,EL53,Dytiki Makedonia,381,810,267008,303.361697027804,13293,10718565,7628.93167135713,1.62563347486646,FALSE,1.62563347486646,7628.93167135713,Red,2021-17
,Greece,EL,EL54,Ipeiros,262,561,333696,168.117088607595,13293,10718565,7628.93167135713,1.62563347486646,FALSE,1.62563347486646,7628.93167135713,Red,2021-17
,Greece,EL,EL61,Thessalia,845,1785,718640,248.385839919849,13293,10718565,7628.93167135713,1.62563347486646,FALSE,1.62563347486646,7628.93167135713,Red,2021-17
,Greece,EL,EL62,Ionia Nisia,73,162,203869,79.4627922832799,13293,10718565,7628.93167135713,1.62563347486646,FALSE,1.62563347486646,7628.93167135713,Orange,2021-17
,Greece,EL,EL63,Dytiki Ellada,530,1159,655189,176.895521750213,13293,10718565,7628.93167135713,1.62563347486646,FALSE,1.62563347486646,7628.93167135713,Red,2021-17
,Greece,EL,EL64,Sterea Ellada,559,1257,555960,226.095402546946,13293,10718565,7628.93167135713,1.62563347486646,FALSE,1.62563347486646,7628.93167135713,Red,2021-17
,Greece,EL,EL65,Peloponnisos,389,833,574447,145.009026072031,13293,10718565,7628.93167135713,1.62563347486646,FALSE,1.62563347486646,7628.93167135713,Orange,2021-17
,Hungary,HU,HU11,Budapest,1521,3832,1752286,218.685762483978,12657,9769526,1356.27869765637,9.55230864439782,FALSE,9.55230864439782,1356.27869765637,Red,2021-17
,Hungary,HU,HU12,Pest,1613,3818,1278874,298.543875315316,12657,9769526,1356.27869765637,9.55230864439782,FALSE,9.55230864439782,1356.27869765637,Red,2021-17
,Hungary,HU,HU21,Közép-Dunántúl,1452,3737,1058236,353.1348394876,12657,9769526,1356.27869765637,9.55230864439782,FALSE,9.55230864439782,1356.27869765637,Red,2021-17
,Hungary,HU,HU22,Nyugat-Dunántúl,1289,3120,989343,315.360800046091,12657,9769526,1356.27869765637,9.55230864439782,FALSE,9.55230864439782,1356.27869765637,Red,2021-17
,Hungary,HU,HU23,Dél-Dunántúl,1230,3026,879596,344.02157354058,12657,9769526,1356.27869765637,9.55230864439782,FALSE,9.55230864439782,1356.27869765637,Red,2021-17
,Hungary,HU,HU31,Észak-Magyarország,1603,4023,1126360,357.168223303384,12657,9769526,1356.27869765637,9.55230864439782,FALSE,9.55230864439782,1356.27869765637,Red,2021-17
,Hungary,HU,HU32,Észak-Alföld,1784,4425,1450960,304.97050228814,12657,9769526,1356.27869765637,9.55230864439782,FALSE,9.55230864439782,1356.27869765637,Red,2021-17
,Hungary,HU,HU33,Dél-Alföld,1638,4023,1237101,325.195760087495,12657,9769526,1356.27869765637,9.55230864439782,FALSE,9.55230864439782,1356.27869765637,Red,2021-17
,Iceland,IS,IS,Ísland/Iceland,44,162,356991,45.3792952763515,54,364134,3852.70257652403,0.384916957730416,FALSE,0.384916957730416,3852.70257652403,Orange,2021-17
,Ireland,IE,IE04,Northern and Western,574,1067,867947,122.933773605992,3205,4964440,2581.3989090411,2.5009363880392,FALSE,2.5009363880392,2581.3989090411,Orange,2021-17
,Ireland,IE,IE05,Southern,601,1140,1624381,70.1805795561509,3205,4964440,2581.3989090411,2.5009363880392,FALSE,2.5009363880392,2581.3989090411,Orange,2021-17
,Ireland,IE,IE06,Eastern and Midland,2030,4122,2411912,170.90175760973,3205,4964440,2581.3989090411,2.5009363880392,FALSE,2.5009363880392,2581.3989090411,Red,2021-17
,Italy,IT,ITC1,Piemonte,5901,12845,4356406,294.853142705248,82088,59641488,3334.60660807121,4.12749540051357,TRUE,4.35832668616503,3107.97478471933,Red,2021-17
,Italy,IT,ITC2,Valle d’Aosta/Vallée d’Aoste,295,608,125666,483.822195343211,82088,59641488,3334.60660807121,4.12749540051357,TRUE,7.081132981277,3315.13695032865,Red,2021-17
,Italy,IT,ITC3,Liguria,1618,3581,1550640,230.936903472115,82088,59641488,3334.60660807121,4.12749540051357,TRUE,3.40545546388281,3064.02517670123,Red,2021-17
,Italy,IT,ITC4,Lombardia,12394,26124,10060574,259.667092553566,82088,59641488,3334.60660807121,4.12749540051357,TRUE,4.07596809997534,3022.44186067316,Red,2021-17
,Italy,IT,ITF1,Abruzzo,1025,2160,1311580,164.686866222419,82088,59641488,3334.60660807121,4.12749540051357,TRUE,2.39390896139384,3264.53590326172,Red,2021-17
,Italy,IT,ITF2,Molise,190,424,305617,138.735737867985,82088,59641488,3334.60660807121,4.12749540051357,TRUE,4.29087624209575,1448.87228131943,Red,2021-17
,Italy,IT,ITF3,Campania,11643,24304,5801692,418.912275936054,82088,59641488,3334.60660807121,4.12749540051357,TRUE,7.0823321877186,2833.56993097876,Red,2021-17
,Italy,IT,ITF4,Puglia,7458,16301,4029053,404.586387917955,82088,59641488,3334.60660807121,4.12749540051357,TRUE,9.76050255202199,1896.47542487031,Red,2021-17
,Italy,IT,ITF5,Basilicata,920,2004,562869,356.033108947197,82088,59641488,3334.60660807121,4.12749540051357,TRUE,8.55177542294107,1911.27953395906,Red,2021-17
,Italy,IT,ITF6,Calabria,2634,5780,1947131,296.847002076388,82088,59641488,3334.60660807121,4.12749540051357,TRUE,10.4131251235422,1299.09081618032,Red,2021-17
,Italy,IT,ITG1,Sicilia,6348,14351,4999891,287.026257172406,82088,59641488,3334.60660807121,4.12749540051357,TRUE,3.72471821110257,3408.65430866393,Red,2021-17
,Italy,IT,ITG2,Sardegna,1286,3134,1639591,191.145230731323,82088,59641488,3334.60660807121,4.12749540051357,TRUE,5.30725104205357,1477.86856600213,Red,2021-17
,Italy,IT,ITH1,Provincia Autonoma di Bolzano/Bozen,477,955,531178,179.789072589603,82088,59641488,3334.60660807121,4.12749540051357,TRUE,0.837856352426622,10717.8761168573,Red,2021-17
,Italy,IT,ITH2,Provincia Autonoma di Trento,482,1069,541098,197.561255077638,82088,59641488,3334.60660807121,4.12749540051357,TRUE,3.32803977076573,2676.59462796019,Red,2021-17
,Italy,IT,ITH3,Veneto,5141,11559,4905854,235.616469629956,82088,59641488,3334.60660807121,4.12749540051357,TRUE,2.33960443801254,4479.09782883877,Red,2021-17
,Italy,IT,ITH4,Friuli-Venezia Giulia,917,2279,1215220,187.538058952288,82088,59641488,3334.60660807121,4.12749540051357,TRUE,1.90898492797069,3952.86450190089,Red,2021-17
,Italy,IT,ITH5,Emilia-Romagna,6061,12570,4459477,281.871618577694,82088,59641488,3334.60660807121,4.12749540051357,TRUE,3.36896285302962,4034.26231371975,Red,2021-17
,Italy,IT,ITI1,Toscana,5486,11688,3729641,313.381368340814,82088,59641488,3334.60660807121,4.12749540051357,TRUE,3.4086178508186,4315.29468922076,Red,2021-17
,Italy,IT,ITI2,Umbria,698,1418,882015,160.768240902933,82088,59641488,3334.60660807121,4.12749540051357,TRUE,1.60862851743449,4919.53084698106,Red,2021-17
,Italy,IT,ITI3,Marche,1612,3518,1525271,230.647537388438,82088,59641488,3334.60660807121,4.12749540051357,TRUE,6.04062055010118,1749.59072846727,Red,2021-17
,Italy,IT,ITI4,Lazio,7008,15042,5879082,255.856271438296,82088,59641488,3334.60660807121,4.12749540051357,TRUE,3.06320482559664,3891.42386515446,Red,2021-17
,Latvia,LV,LV00,Latvija,4406,8404,1919968,437.71562859381,4434,1907675,4865.60865975599,4.77698771816419,FALSE,4.77698771816419,4865.60865975599,Red,2021-17
,Liechtenstein,LI,LI0,Liechtenstein,45,112,38378,291.833863150764,,,,,FALSE,,,Grey - no data,2021-17
,Lithuania,LT,LT01,Sostinės regionas,3205,7076,810538,873.000402201994,8465,2794090,4989.38831605281,6.07210490072306,TRUE,5.88862145626252,6714.92268098473,Dark red,2021-17
,Lithuania,LT,LT02,Vidurio ir vakarų Lietuvos regionas,2986,6340,1983646,319.613479421227,8465,2794090,4989.38831605281,6.07210490072306,TRUE,3.51372659771008,4284.08092976267,Red,2021-17
,Luxembourg,LU,LU0,Luxembourg,1121,2351,613894,382.965137303834,1195,626108,8140.28889584545,2.34465438420939,FALSE,2.34465438420939,8140.28889584545,Red,2021-17
,Malta,MT,MT0,Malta,120,328,493559,66.4560873168152,165,514564,1994.89276358237,1.60740379931807,FALSE,1.60740379931807,1994.89276358237,Orange,2021-17
,Netherlands,NL,NL11,Groningen,1027,2254,583990,385.965513108101,49391,17407585,2672.23741834379,10.6177929884,FALSE,10.6177929884,2672.23741834379,Red,2021-17
,Netherlands,NL,NL12,Friesland (NL),1187,2640,647672,407.613730406749,49391,17407585,2672.23741834379,10.6177929884,FALSE,10.6177929884,2672.23741834379,Red,2021-17
,Netherlands,NL,NL13,Drenthe,890,1756,492167,356.789463738934,49391,17407585,2672.23741834379,10.6177929884,FALSE,10.6177929884,2672.23741834379,Red,2021-17
,Netherlands,NL,NL21,Overijssel,2983,6192,1156431,535.44050617806,49391,17407585,2672.23741834379,10.6177929884,FALSE,10.6177929884,2672.23741834379,Dark red,2021-17
,Netherlands,NL,NL22,Gelderland,6017,12634,2071972,609.757274712207,49391,17407585,2672.23741834379,10.6177929884,FALSE,10.6177929884,2672.23741834379,Dark red,2021-17
,Netherlands,NL,NL23,Flevoland,906,1976,416546,474.377379689158,49391,17407585,2672.23741834379,10.6177929884,FALSE,10.6177929884,2672.23741834379,Red,2021-17
,Netherlands,NL,NL31,Utrecht,3426,7513,1306912,574.866555667099,49391,17407585,2672.23741834379,10.6177929884,FALSE,10.6177929884,2672.23741834379,Dark red,2021-17
,Netherlands,NL,NL32,Noord-Holland,6703,14362,2853359,503.336593818023,49391,17407585,2672.23741834379,10.6177929884,FALSE,10.6177929884,2672.23741834379,Dark red,2021-17
,Netherlands,NL,NL33,Zuid-Holland,11844,25851,3709139,696.954198804628,49391,17407585,2672.23741834379,10.6177929884,FALSE,10.6177929884,2672.23741834379,Dark red,2021-17
,Netherlands,NL,NL34,Zeeland,1086,2365,383032,617.441884751144,49391,17407585,2672.23741834379,10.6177929884,FALSE,10.6177929884,2672.23741834379,Dark red,2021-17
,Netherlands,NL,NL41,Noord-Brabant,9104,19152,2544806,752.591749626494,49391,17407585,2672.23741834379,10.6177929884,FALSE,10.6177929884,2672.23741834379,Dark red,2021-17
,Netherlands,NL,NL42,Limburg (NL),4218,8968,1116137,803.485593614404,49391,17407585,2672.23741834379,10.6177929884,FALSE,10.6177929884,2672.23741834379,Dark red,2021-17
,Norway,NO,NOCSR03,Oslo,812,1676,681071,246.083007498484,2857,5367580,3208.87625335812,1.65874163226679,TRUE,2.65828586394291,4484.99495647297,Red,2021-17
,Norway,NO,NOCSR11,Rogaland,83,259,475654,54.4513448851476,2857,5367580,3208.87625335812,1.65874163226679,TRUE,0.887226082308926,1966.7657583033,Orange,2021-17
,Norway,NO,NOCSR15,Møre og Romsdal,94,183,264970,69.0644223874401,2857,5367580,3208.87625335812,1.65874163226679,TRUE,0.975002593092003,3638.52511605087,Orange,2021-17
,Norway,NO,NOCSR18,Nordland,19,39,242126,16.1073160255404,2857,5367580,3208.87625335812,1.65874163226679,TRUE,0.512682137075013,1530.60803052956,Green,2021-17
,Norway,NO,NOCSR30,Viken,765,1752,1227305,142.751801711881,2857,5367580,3208.87625335812,1.65874163226679,TRUE,1.93186696633753,3226.50034017624,Orange,2021-17
,Norway,NO,NOCSR34,Innlandet,174,330,371054,88.9358422224259,2857,5367580,3208.87625335812,1.65874163226679,TRUE,1.48388197168685,3160.1869269702,Orange,2021-17
,Norway,NO,NOCSR38,Vestfold og Telemark,318,489,417711,117.066584313078,2857,5367580,3208.87625335812,1.65874163226679,TRUE,2.20145379023884,3458.13253661024,Orange,2021-17
,Norway,NO,NOCSR42,Agder,196,479,305244,156.923641414737,2857,5367580,3208.87625335812,1.65874163226679,TRUE,1.54830555336125,4147.17406402747,Red,2021-17
,Norway,NO,NOCSR46,Vestland,230,461,633117,72.8143455317106,2857,5367580,3208.87625335812,1.65874163226679,TRUE,1.33876600698487,2713.55847339433,Orange,2021-17
,Norway,NO,NOCSR50,Trøndelag,32,74,465634,15.8923102694391,2857,5367580,3208.87625335812,1.65874163226679,TRUE,0.326430684484341,2105.30158880151,Green,2021-17
,Norway,NO,NOCSR54,Troms og Finnmark,12,27,244326,11.0508091648044,2857,5367580,3208.87625335812,1.65874163226679,TRUE,0.296150049358342,1658.43995317731,Green,2021-17
,Poland,PL,PL21,Małopolskie,3606,9295,3360545,276.592040874323,43433,37958138,1057.92333649243,10.815851860706,TRUE,11.2060660679325,957.553015954257,Red,2021-17
,Poland,PL,PL22,Śląskie,6840,17868,4488998,398.039829823938,43433,37958138,1057.92333649243,10.815851860706,TRUE,14.6447993833769,1040.45490775447,Red,2021-17
,Poland,PL,PL41,Wielkopolskie,4640,11571,3473172,333.153670477592,43433,37958138,1057.92333649243,10.815851860706,TRUE,14.0418835492071,951.406955946898,Red,2021-17
,Poland,PL,PL42,Zachodniopomorskie,2242,5454,1675502,325.514383152034,43433,37958138,1057.92333649243,10.815851860706,TRUE,12.2674545852484,1090.7775699462,Red,2021-17
,Poland,PL,PL43,Lubuskie,896,2494,1003310,248.577209436764,43433,37958138,1057.92333649243,10.815851860706,TRUE,7.44928500166279,1198.83186652181,Red,2021-17
,Poland,PL,PL51,Dolnośląskie,4441,11151,2865072,389.204878620851,43433,37958138,1057.92333649243,10.815851860706,TRUE,14.3698430674648,1078.68144325867,Red,2021-17
,Poland,PL,PL52,Opolskie,1401,3346,946038,353.685581340284,43433,37958138,1057.92333649243,10.815851860706,TRUE,11.9887044326545,1235.25693471087,Red,2021-17
,Poland,PL,PL61,Kujawsko-pomorskie,2178,5503,2055433,267.729475979027,43433,37958138,1057.92333649243,10.815851860706,TRUE,11.4372735388332,926.471453946687,Red,2021-17
,Poland,PL,PL62,Warmińsko-mazurskie,1060,2667,1404441,189.897617628651,43433,37958138,1057.92333649243,10.815851860706,TRUE,8.8881435519034,849.163475005358,Red,2021-17
,Poland,PL,PL63,Pomorskie,2168,5333,2305077,231.35886566913,43433,37958138,1057.92333649243,10.815851860706,TRUE,8.80620658840733,1068.0337359663,Red,2021-17
,Poland,PL,PL71,Łódzkie,3318,8199,2453167,334.221029387726,43433,37958138,1057.92333649243,10.815851860706,TRUE,11.5916713247624,1166.81823944314,Red,2021-17
,Poland,PL,PL72,Świętokrzyskie,1191,3232,1226243,263.56929254642,43433,37958138,1057.92333649243,10.815851860706,TRUE,10.536093418259,921.840124673495,Red,2021-17
,Poland,PL,PL81,Lubelskie,2094,5139,2097294,245.030024402873,43433,37958138,1057.92333649243,10.815851860706,TRUE,10.573621490608,944.264371137285,Red,2021-17
,Poland,PL,PL82,Podkarpackie,1146,3282,2086135,157.324430106393,43433,37958138,1057.92333649243,10.815851860706,TRUE,5.94583376569472,923.909526468805,Red,2021-17
,Poland,PL,PL84,Podlaskie,730,1846,1152074,160.232762825999,43433,37958138,1057.92333649243,10.815851860706,TRUE,8.98682752677582,705.076236422313,Red,2021-17
,Poland,PL,PL92X,Mazowiecki regionalny,5442,13936,5380311,259.018484247472,43433,37958138,1057.92333649243,10.815851860706,TRUE,9.24331210191083,1094.26759902913,Red,2021-17
,Portugal,PT,PT1,Continente,2437,5573,9798859,56.873968693702,2819,10295909,3190.69447874879,0.858114340159082,TRUE,0.810321036093701,3069.18387130583,Orange,2021-17
,Portugal,PT,PT2,Região Autónoma dos Açores,91,225,242796,92.6703899570009,2819,10295909,3190.69447874879,0.858114340159082,TRUE,0.889627529572783,4213.00186164517,Orange,2021-17
,Portugal,PT,PT3,Região Autónoma da Madeira,111,258,254254,101.473329819787,2819,10295909,3190.69447874879,0.858114340159082,TRUE,0.632947482465644,6897.43327538603,Orange,2021-17
,Romania,RO,RO11,Nord-Vest,1260,3374,2552112,132.204229281474,10817,19328838,848.530056488652,6.59528934034912,FALSE,6.59528934034912,848.530056488652,Red,2021-17
,Romania,RO,RO12,Centru,1542,3721,2318272,160.507481434448,10817,19328838,848.530056488652,6.59528934034912,FALSE,6.59528934034912,848.530056488652,Red,2021-17
,Romania,RO,RO21,Nord-Est,980,2560,3198564,80.0359161173577,10817,19328838,848.530056488652,6.59528934034912,FALSE,6.59528934034912,848.530056488652,Red,2021-17
,Romania,RO,RO22,Sud-Est,1057,2800,2396171,116.853096043646,10817,19328838,848.530056488652,6.59528934034912,FALSE,6.59528934034912,848.530056488652,Red,2021-17
,Romania,RO,RO31,Sud-Muntenia,1372,3343,2929832,114.102105513217,10817,19328838,848.530056488652,6.59528934034912,FALSE,6.59528934034912,848.530056488652,Red,2021-17
,Romania,RO,RO32,Bucureşti-Ilfov,2171,5541,2315173,239.33416638843,10817,19328838,848.530056488652,6.59528934034912,FALSE,6.59528934034912,848.530056488652,Red,2021-17
,Romania,RO,RO41,Sud-Vest Oltenia,681,1791,1926860,92.9491504312716,10817,19328838,848.530056488652,6.59528934034912,FALSE,6.59528934034912,848.530056488652,Red,2021-17
,Romania,RO,RO42,Vest,1013,2725,1777474,153.307446409905,10817,19328838,848.530056488652,6.59528934034912,FALSE,6.59528934034912,848.530056488652,Red,2021-17
,Slovakia,SK,SK01,Bratislavský kraj,258,568,659598,86.1130567406208,3218,5457873,1590.14326643365,3.70788588284095,FALSE,3.70788588284095,1590.14326643365,Orange,2021-17
,Slovakia,SK,SK02,Západné Slovensko,864,2013,1826145,110.232210476167,3218,5457873,1590.14326643365,3.70788588284095,FALSE,3.70788588284095,1590.14326643365,Orange,2021-17
,Slovakia,SK,SK03,Stredné Slovensko,823,1977,1339242,147.620818343511,3218,5457873,1590.14326643365,3.70788588284095,FALSE,3.70788588284095,1590.14326643365,Orange,2021-17
,Slovakia,SK,SK04,Východné Slovensko,1166,2342,1625436,144.084417965395,3218,5457873,1590.14326643365,3.70788588284095,FALSE,3.70788588284095,1590.14326643365,Orange,2021-17
,Slovenia,SI,SI03,Vzhodna Slovenija,2599,5404,1094435,493.770758427865,4664,2095861,8239.38228727955,2.70085588872288,FALSE,2.70085588872288,8239.38228727955,Red,2021-17
,Slovenia,SI,SI04,Zahodna Slovenija,2133,4255,986473,431.334663999927,4664,2095861,8239.38228727955,2.70085588872288,FALSE,2.70085588872288,8239.38228727955,Red,2021-17
,Spain,ES,ES11,Galicia,1300,2742,2700441,101.538970856982,51961,47332614,1775.96149665429,6.18135185323973,TRUE,1.88433106247282,2554.76790642714,Orange,2021-17
,Spain,ES,ES12,Principado de Asturias,583,1392,1022205,136.176207316536,51961,47332614,1775.96149665429,6.18135185323973,TRUE,3.05828043854587,1864.8901149965,Orange,2021-17
,Spain,ES,ES13,Cantabria,749,1480,581641,254.45248873446,51961,47332614,1775.96149665429,6.18135185323973,TRUE,5.33741894106748,2412.65660433154,Red,2021-17
,Spain,ES,ES21,País Vasco,5095,11282,2177880,518.026704868955,51961,47332614,1775.96149665429,6.18135185323973,TRUE,7.9865193196959,2929.22475067497,Dark red,2021-17
,Spain,ES,ES22,Comunidad Foral de Navarra,1016,2215,649946,340.79754318051,51961,47332614,1775.96149665429,6.18135185323973,TRUE,5.46706844597503,2859.31446612488,Red,2021-17
,Spain,ES,ES23,La Rioja,441,917,313571,292.437757318119,51961,47332614,1775.96149665429,6.18135185323973,TRUE,4.30369864350542,3267.84045718514,Red,2021-17
,Spain,ES,ES24,Aragón,2194,3947,1320586,298.882465814419,51961,47332614,1775.96149665429,6.18135185323973,TRUE,10.7723277851426,1542.26987110268,Red,2021-17
,Spain,ES,ES30,Comunidad de Madrid,12873,26837,6641649,404.0713383077,51961,47332614,1775.96149665429,6.18135185323973,TRUE,8.70497224119393,2226.57053993669,Red,2021-17
,Spain,ES,ES41,Castilla y León,2235,4506,2407733,187.146996780789,51961,47332614,1775.96149665429,6.18135185323973,TRUE,6.06200330901299,1531.27443948312,Red,2021-17
,Spain,ES,ES42,Castilla-La Mancha,2345,4862,2034877,238.933360591328,51961,47332614,1775.96149665429,6.18135185323973,TRUE,9.72544790975448,1184.93648510451,Red,2021-17
,Spain,ES,ES43,Extremadura,560,1135,1065424,106.530357866915,51961,47332614,1775.96149665429,6.18135185323973,TRUE,2.32616100357232,2259.56989893226,Orange,2021-17
,Spain,ES,ES51,Cataluña,10987,24714,7566431,326.626913005617,51961,47332614,1775.96149665429,6.18135185323973,TRUE,6.15180461147381,2360.39950671591,Red,2021-17
,Spain,ES,ES52,Comunitat Valenciana,1118,2342,4974969,47.0756702202567,51961,47332614,1775.96149665429,6.18135185323973,TRUE,2.80763435459568,800.406997510939,Orange,2021-17
,Spain,ES,ES53,Illes Balears,411,763,1188220,64.2136978000707,51961,47332614,1775.96149665429,6.18135185323973,TRUE,1.92993989481593,1792.26069246436,Orange,2021-17
,Spain,ES,ES61,Andalucía,8470,19356,8427405,229.679242898615,51961,47332614,1775.96149665429,6.18135185323973,TRUE,8.13789260287661,1235.03023765916,Red,2021-17
,Spain,ES,ES62,Región de Murcia,453,1011,1487663,67.9589396254394,51961,47332614,1775.96149665429,6.18135185323973,TRUE,3.20118719525122,951.223496181595,Orange,2021-17
,Spain,ES,ES63,Ciudad de Ceuta,39,125,84829,147.355267656108,51961,47332614,1775.96149665429,6.18135185323973,TRUE,2.70645385149202,1698.71152553962,Orange,2021-17
,Spain,ES,ES64,Ciudad de Melilla,99,305,84689,360.141222590891,51961,47332614,1775.96149665429,6.18135185323973,TRUE,7.93269230769231,1473.6270353883,Red,2021-17
,Spain,ES,ES70,Canarias,993,2145,2206901,97.1951165910931,51961,47332614,1775.96149665429,6.18135185323973,TRUE,3.10710597953628,1448.13926859429,Orange,2021-17
,Sweden,SE,SE11,Stockholm,8387,16749,2344124,714.509983260271,35369,10327589,3060.8111922347,11.1888974654232,FALSE,11.1888974654232,3060.8111922347,Dark red,2021-17
,Sweden,SE,SE12,Östra Mellansverige,6432,13340,1708813,780.65885500637,35369,10327589,3060.8111922347,11.1888974654232,FALSE,11.1888974654232,3060.8111922347,Dark red,2021-17
,Sweden,SE,SE21,Småland med öarna,3495,6893,864630,797.219619953043,35369,10327589,3060.8111922347,11.1888974654232,FALSE,11.1888974654232,3060.8111922347,Dark red,2021-17
,Sweden,SE,SE22,Sydsverige,4806,9306,1521848,611.49339487255,35369,10327589,3060.8111922347,11.1888974654232,FALSE,11.1888974654232,3060.8111922347,Dark red,2021-17
,Sweden,SE,SE23,Västsverige,6078,12699,2039166,622.754596732194,35369,10327589,3060.8111922347,11.1888974654232,FALSE,11.1888974654232,3060.8111922347,Dark red,2021-17
,Sweden,SE,SE31,Norra Mellansverige,2696,5782,855220,676.083346975047,35369,10327589,3060.8111922347,11.1888974654232,FALSE,11.1888974654232,3060.8111922347,Dark red,2021-17
,Sweden,SE,SE32,Mellersta Norrland,1749,3774,375733,1004.43666113969,35369,10327589,3060.8111922347,11.1888974654232,FALSE,11.1888974654232,3060.8111922347,Dark red,2021-17
,Sweden,SE,SE33,Övre Norrland,1657,3181,520651,610.965886937699,35369,10327589,3060.8111922347,11.1888974654232,FALSE,11.1888974654232,3060.8111922347,Dark red,2021-17
